[
  {
    "date": "2025-01-10",
    "name": "Paycheck Deposit",
    "amount": 2500.00,
    "category": "Income",
    "account": "First Platypus Checking"
  },
  {
    "date": "2025-01-09",
    "name": "Whole Foods Market",
    "amount": -87.42,
    "category": "Food and Drink",
    "account": "First Platypus Checking"
  },
  {
    "date": "2025-01-08",
    "name": "Shell Gas Station",
    "amount": -52.18,
    "category": "Transportation",
    "account": "First Platypus Checking"
  },
  {
    "date": "2025-01-07",
    "name": "Blue Bottle Coffee",
    "amount": -6.50,
    "category": "Food and Drink",
    "account": "First Platypus Checking"
  },
  {
    "date": "2025-01-06",
    "name": "Netflix Subscription",
    "amount": -15.99,
    "category": "Entertainment",
    "account": "First Platypus Checking"
  },
  {
    "date": "2025-01-05",
    "name": "Target",
    "amount": -124.67,
    "category": "Shopping",
    "account": "First Platypus Checking"
  },
  {
    "date": "2025-01-04",
    "name": "Uber Ride",
    "amount": -18.25,
    "category": "Transportation",
    "account": "First Platypus Checking"
  },
  {
    "date": "2025-01-03",
    "name": "Corner Bakery",
    "amount": -12.85,
    "category": "Food and Drink",
    "account": "First Platypus Checking"
  },
  {
    "date": "2025-01-02",
    "name": "Rent Payment",
    "amount": -1850.00,
    "category": "Housing",
    "account": "First Platypus Checking"
  },
  {
    "date": "2025-01-01",
    "name": "First Platypus Grocery",
    "amount": -42.33,
    "category": "Food and Drink",
    "account": "First Platypus Checking"
  }
]
